匙叶草(红客妈叶、红虾蟆叶),,,,,,,,,
红榔木(大树皮、棉榔树),,,,,,,,,
马蹬草(过桥草、还阳草、小石韦),,,,,,,,,
狮子七(红景天、土三七),,,,,,,,,
杭白菊花(甘菊),,,,,,,,,
独一味(巴拉努努、吉布孜、麦朵昌巴、哈努巴拉、札江温保、哈吾巴拉、达干木、达折合巴、野秦艽、大巴、打布巴),,,,,,,,,
藏红花(撒法即,番红花,西红花),,,,,,,
月季花(四季花(《益部方物略记》)，月月红、胜春、斗雪红(《纲目》)，月贵花、月记(《南越笔记》)，月月开(《分类草药性》)，长春花(《现代实用中药》)，月月花(《贵州民间方药集》)，艳雪红、绸春花(《泉州本草》)，月季红(《陕西中药志》)，勒泡(《湖南药物志》)，月光花、铜棰子、四季春(《闽东本草》)。),,,,,,,,,
红曲(赤曲(《摘元方》)，红米(《药材资料汇编》)，福曲(《上海市饮片炮制规范》)。),,,,,,,,,
茜草(`草、地血、芦茹、血见愁、地苏木、活血丹、土丹参、入骨丹、红内消),,,,,,,,,
土牛膝(掇鼻草、擦鼻草、倒扣草、毛蟹目、土牛七、红骨蛇),,,,,,,,,
银杏叶(片)(飞蛾叶,鸭脚子,白果叶,银杏),,,,,,
鸡血藤(血风藤),,,,,,,,,
姜黄(宝鼎香(《纲目》)，黄姜(《生草药性备要》)。),,,,,,,,,
洋虫(九龙虫),,,,,,,,,
牛膝(百倍、牛茎、脚斯蹬、铁牛膝、杜牛膝、怀牛膝、怀夕、真夕、怀膝、土牛膝、淮牛膝、红牛膝、牛磕膝、牛克膝、牛盖膝、粘草子根、牛胳膝盖、野牛充膝、 接骨丹、牛盖膝头),,,,,,,,,
大黄(将军、黄良、火参、肤如、蜀大黄、锦纹大黄、牛舌大黄、锦纹、生军、川军),,,,,,,,,
全蝎(虿、奎、杜伯、主簿虫、虿尾虫、全虫、茯背虫、蝎子),,,,,,,,,
延胡索(延胡(《雷公炮炙论》)，玄胡索(《济生方》)，元胡索(《药品化义))。),,,,,,,,,
穿山甲(鲮鲤甲,鳢鲤甲,鲮鲤角,川山甲,鳖鲤甲,山甲,甲片,麒鳞片,鳞片,随碱片)
水蛭(蛭j、至掌、虮、T、马蜞、马蛭、蜞、马蟥、马鳖、红蛭、水琪、蚂蝗蜞、黄蜞、水麻贴、沙塔干、肉钻子、蚂蟥),,,,,,,,,
土田七(小田七、竹田七、毛七、贼佬姜、姜三七、三七姜、姜叶三七、竹叶三七、姜七、姜田节),,,,,,,,,
红花(红蓝花,刺红花,草红花),,,,,,,
丝瓜藤,,,,,,,,,
鸟不宿(鸟不踏,刺根白皮,鸟不停,老虎草,昏树),,,,,
石见穿(紫参、五凤花、小丹参、月下红、乌沙草、墨面风、大发汗、石打穿、石大川、山缝拿、紫丹花、红根参、半枝莲、田芹菜、活血草),,,,,,,,,
骨碎补(猴姜、猢狲姜、石毛姜、石庵、过山龙、石良姜、爬岩姜、石岩姜、碎补、树蜈蚣、地蜈蚣、黄爬山虎、麻鸡翅膀、搜山虎、肉碎补、猴掌姜、石连、姜、石巴掌、毛姜、申姜、岩姜),,,,,,,,,
云雾七(虎七、兰花草、秦岭翠雀花),,,,,,,,,
夏天无(一粒金丹、洞里神仙、野延胡、飞来牡丹、伏地延胡索、落水珠),,,,,,,,,
菊三七(土三七，金不换，紫三七，血当归、血三七、血七、血格答，水三七，紫蓉三七、艾叶三七、铁罗汉、乌七，菊叶三七，狗头三七),,,,,,,,,
水红花子(水荭子(《本草衍义》)，荭草实(《纲目》)，河蓼子(《山东中药》)，川蓼子、水红子(《上海常用中草药》)。),,,,,,,,,
没药(末药(《纲目》)。),,,,,,,,,
木馒头(木莲(《本草拾遗》)，水馒头(《岭外代答》)，鬼馒头(《纲目》)，蔓头萝(《生草药性备要》)，凉粉果、木铎，桔杷、文头果、文头榔、糖馒头(《中国树木分类学》)，馒头郎(《广州植物志》)，牛奶子、牛奶柚、金柚奶、假秤锤、程邦子、水子(《福建民间草药》)，鬼球(《药材资料汇编》)，木果蒲、胖朴(《浙江中药手册》)，爬墙果、爬壁果(《四川中药志》)，薜荔果、膀膀子(《湖南药物志》)，凉粉子、烹泡子(《江西草药》)。),,,,,,,,,
薯良(赭魁(《别录》)，朱砂莲、鸡血莲、血母(《贵州民间方药集》)，血三七、雄黄七、血葫芦、朱砂七、红药子、恶边(《湖南药物志》)，酱头、避血雷(《贵州草药》)，金花果(《云南中草药》)，红孩儿、孩儿血(江西《草药手册》)，血娃(《曲靖医药》)。),,,,,,,,,
小血藤(钻骨风、八仙草(《分类草药性》)，血糊藤(《经济植物手册))，钻石风(《重庆草药》)，天青地红(《陕西中草药》)，五香血藤、滑藤、爬岩香、满山香、香血藤(《昆明民间常用草药》)。),,,,,,,,,
过山龙(羊葡萄蔓(《陕西中草药》)，草葡萄(《陕甘宁青中草药选》)。),,,,,,,,,
刘寄奴(金寄奴(《日华子本草》)，乌藤菜(《通志》)，六月雪、九里光(《药材资料汇编》)，白花尾、炭包包、千粒米、斑枣子、细白花草、九牛草(《湖南药物志》)，苦连婆(《闽东本草》)。),,,,,,,,,
益母草花(茺蔚花),,,,,,,,,
野杜仲(四棱子、金丝杜仲(《浙江天目山药植志》)，黑杜仲(《中国高等植物图鉴》)。),,,,,,,,,
红木香(紫金皮、金谷香、紧骨香、木腊(汪连仕《采药书》)，内风消(《植物名实图考》)，土木香(《福建民间草药》)，内红消(《江西中药》)，浙江紫荆皮(《药材学》)。),,,,,,,,,
八月札(八月瓜、八月炸、野毛蛋),,,,,,,,,
五灵脂(药本(侯宁极《药谱》)，寒号虫粪(《开宝本草》)，寒雀粪(《中药志》)。),,,,,,,,,
血藤(大血藤(《草木便方》)，活血藤(《天宝本草》)，黄皮血藤(《四川中药志》)，紫金血藤(《重庆草药》)，气藤(《贵州草药》)，香石藤、铁骨散、小血藤(《云南中草药选》)。),,,,,,,,,
狗骨(龙沙，卑相，卑监，狗骨，色道麻，结力根，麻黄草，草麻黄，中麻黄，木贼廓黄，山麻黄，川麻黄，田麻黄，华麻黄，木麻黄，西麻黄，朱芯麻),,,,,,,,,
飞天蜈蚣(蜈蚣草、神仙对坐草、石上蜈蚣、落地蜈蚣、百足草(《陆川本草》)，铁斑鸠、巴岩姜(《贵州民间药物》)。),,,,,,,,,
鬼箭羽(卫矛、鬼箭(《本经》)，神箭(《广雅》)，六月凌(《植物名实图考》)，八树、四棱锋、芸杨，鬼见愁(《中国树木分类学》)，四面锋、篦箕柴(《浙江中药手册》)，风枪林(《中国药植志》)，山鸡条子(《东北药植志》)，四面戟(《药材学》)，千层皮、刀尖茶，雁翎茶、四棱茶(《辽宁经济植物志》)。),,,,,,,,,
光慈姑(老鸦瓣,老鸦头,棉花包,毛地梨,光菇,山蛋),,,,
三棱(京三棱。),,,,,,,,,
急性子(金凤花子(《摘元方》)，凤仙子(《纲目》)。),,,,,,,,,
鹿角(花鹿角、马鹿角),,,,,,,,,
虻虫(蜚虻(《本经))，牛虻(《本草崇原》)，牛蚊子(《中药形性经验鉴别法》)，绿头猛钻(《青海药材》)，牛苍蝇(《浙江中药手册》)，瞎虻虫、瞎蚂蜂(《河北药材》)，瞎蠓(《中药志》)，牛魔蚊(《四川中药志》)。),,,,,,,,,
苏木(苏枋(《南方草木状》)，苏方(《肘后方》)，苏方木(《唐本草》)，木(《诸蕃志》)，棕木(《中国主要植物图说・豆科》)，赤木(《兽医国药及处方》)，红柴(《四川中药志》)。),,,,,,,,,
莪术(文莪,蓬术,羌七,广术,黑心姜,文术。),,,,
白花映山红(白杜鹃花(《中国树木分类学》)，照山白(《华北经济植物志要》)，白艳山红(《贵州民间方药集》)。),,,,,,,,,
九里香(千里香,万里香,七里香。),,,,,,,
六月雪叶,,,,,,,,,
神曲茶(六曲茶),,,,,,,,,
狼毒―鸡肠狼毒(金丝矮陀陀,顺水龙,顺水狼毒),,,,,,,
干漆(续命筒,漆渣,黑漆,漆底,漆脚，为漆树科乔木植物漆树的树脂。辛,苦，温；有毒。归肝,胃经。1．破血，祛瘀，通经：用于瘀血阻滞引起的经闭症瘕结块，可与当归，川芎，桃仁等同用。2．杀虫：用于虫积,腹痛,蛔虫,蛲虫等，可与杀虫药同用。【药物形态】本品呈不规则块状，黑褐色或棕褐色，表面粗糙，有蜂窝状细小孔洞或呈颗粒状。质坚硬，不易折断，断面不平坦。具特殊臭气。【化学成分】含漆酚50％～80％，为数种儿茶酚衍生物的混合物。【用量用法】2&amp;mdash;&amp;mdash;9g，水煎服，或入剂。外用适量。【使用注意】孕妇及体虚无瘀者均忌服。)
土阿魏,,,,,,,,,
黑三棱(京三棱,红蒲根,光三棱，为黑三棱科草本植物黑三棱的块根。),,,,,,,
蒲黄(蒲厘花粉、蒲花、蒲棒花粉、蒲草黄),,,,,,,,,
小叶柳(山杨柳、红梅蜡。),,,,,,,,,
多刺绿绒蒿(乌巴拉色尔布(藏名)。),,,,,,,,,
秋海棠根(一口血(《分类草药性》)，金线吊葫芦(《贵州民间方药集》)，红白二丸、岩丸子、大红袍(《陕西中草药》)。),,,,,,,,,
七里香(台湾海桐花),,,,,,,,,
叶上珠根(叶上果根(《贵州草药》)，叶上花根(《云南中草药》)。),,,,,,,,,
牛马藤(过山龙(《草木便方》)，油麻血藤(《中草药资料》)。),,,,,,,,,
麻布七(破骨七、麻布袋(《贵州民间药物》)，统天袋、九连环、网子七、蓑衣七、背网子、龙骨七、龙膝、辫子七、花花七(《陕西中草药》)。七连环(《药学学报》10：692，1966)。),,,,,,,,,
追风伞(惊风伞(《贵州民间方药集》)，一把伞(《贵阳民间药草》)，公接骨丹(《贵州草药》)。),,,,,,,,,
紫金莲(转子莲(《贵州草药》)，紫金标(《贵州药植目录》)，搬倒甑(《中草药通讯》(2):43，1971)。),,,,,,,,,
陆英(接骨草、臭草、走马风、七叶根、七叶麻、蒴y、走马前、八棱麻),,,,,,,,,
倒生莲(倒水莲(《草木便方》)，花老鼠、尾生根、石上凤尾草(《广西药植名录》)，金鸡尾(《湖南药物志》)，盘龙莲(《贵州草药》)。),,,,,,,,,
篦子舒筋草(牛肋巴、舒筋草。),,,,,,,,,
繁缕(T(《尔雅》)，蘩蒌(《别录》)，滋草(《千金・食治》)，鹅肠菜、鹅儿肠菜(《纲目》)，五爪龙(《湖南药物志》)，狗蚤菜(《广西药植名录》)，鹅馄饨(苏医《中草药手册》)。),,,,,,,,,
犀牛皮,,,,,,,,,
石蝉草(火伤叶、胡椒草(《广西药植名录》)，散血胆、豆瓣七、散血丹、石马菜(《云南中草药选》)，豆瓣绿、红豆瓣(《云南思茅中草药选》)。),,,,,,,,,
山韭菜(黑花野韭。),,,,,,,,,
慈姑(茨菇(《药性论》)，白地栗(《本草图经》)，慈菇(《滇南本草》)。),,,,,,,,,
犁头尖(芋头草、小野芋(《生草药性备要》)，犁头草(《本草求原》)，老鼠尾(《广州植物志》)，大叶半夏(《广西药植图志》)，犁头七(《陆川本草》)，土半夏(《闽南民间草药》)，三角青、山半夏、小独脚莲、土巴豆、药狗丹(《南方主要有毒植物》)，芋头七、百步还原(《云南中草药》)。),,,,,,,,,
铺地蜈蚣(筋骨草、小伸筋、过山龙(《植物名实图考》)，水杉(《植物学大辞典》)，狗仔草(《广州植物志》)，狮子草、龙须草、舒筋草(《贵州民间方药集》)，土木胶、猫子藤(《福建民间草药》)，石子藤、青筋草、松筋草(《广西中兽医药植》)，收鸡草(《陆川本草》)，蜈蚣草、山毛柏(《南宁市药物志》)，凤凰伸筋(《江西中药》)，鹿角草(《闽南民间草药》)，伸筋草(《淅扛民间草药》)，立筋草(《四川中药志》)，寸金草、寸寸草(《重庆草药》)，合金草(《湖南药物志》)，龙角藤(《福建中草药》)。),,,,,,,,,
追骨风(八里花、八里麻。),,,,,,,,,
马蹄草(连钱草、大叶金钱草、雷公根、蛐壳草、铜钱草、落得打、十八缺),,,,,,,,,
山黄皮(五薯叶、小叶臭黄皮(《云南中草药选》)，鸡母黄(《南方主要有毒植物》)。),,,,,,,,,
千层塔(蛇交子、毛青杠、虱子草，生扯拢，蛇足草(《贵州民间药物》)，千金榨，矮杉树(《四川中药志》)，万年杉，铁板草(《重庆草药》)，千金虫，刘果奴、矮罗汉、狗牙菜(《湖南药物志》)，金不换、金锁匙、横纹草、充天松(《福建中草药》)，打不死(江西《草药手册》)。),,,,,,,,,
石榴叶,,,,,,,,,
土三七(红背三七,狗头三七,三七草。),,,,,,,
黄花仔(吸血草(《闽南民间草药》)，索仔草(《实用中草药》)。),,,,,,,,,
滴水珠(石半夏、石里开、一滴珠、水滴珠(《江西草药》)，水半夏、独叶一支花、岩芋、天灵芋、一粒珠、岩珠、蛇珠、独龙珠(《浙江民间常用草药》)。),,,,,,,,,
小白撑(黄蜡一枝蒿、泡叶乌头(《云南中草药》)。),,,,,,,,,
昆明鸡血藤(网络鸡血藤(《中国主要植物图说・豆科》)，黄藤、蓝藤(《湖南野生植物》)，硬壳藤、石柱藤、大肠藤(《广西中兽医药植》)，芦藤、老鼠豆(《除害灭病爱国卫生运动手册》)，土鸡血(《杭州药植志》)，青皮活血、血防藤、血灌皮(《湖南药物志》)，光叶朱藤、血藤、白血藤、红藤、黄昭藤、松藤、马尿血豆、崖儿藤(《浙江民间常用草药》)，白骨藤(《广西中草药》)。),,,,,,,,,
调经草,,,,,,,,,
牡丹花,,,,,,,,,
蛴螬(n(《尔雅》)，n蛴(《本经》)，应条(《吴普本草》)，地蚕(郭璞)，N齐、敦齐(《别录》)，乳齐(陶弘景)，土蚕(《安徽药材》)，老母虫(《四川中药志》)，核桃虫(《药材学》)。),,,,,,,,,
千打锤(铁线树(广州部队《常用中草药手册》)，耙齿钩(《中国高等植物图鉴》)。),,,,,,,,,
丝瓜根,,,,,,,,,
鸭脚艾(甜菜子、野勒菜、四季菜(《广州植物志》)，鸡甜菜(《陆川本草》)，鸭脚菜、甜艾(《南宁市药物志》)，珍珠菊、土鳅菜(《福建中草药》)，刘寄奴(《广西药植名录》)),,,,,,,,,
星宿菜(假辣蓼、泥鳅菜(《广州植物志》)，红根草(《福建民间草药》)，红气根、红七草、金鸡脚、百煎草、蛙霓草(《广西中兽医药植》)，黄鳅窜、红头绳、血丝草(《江西民间草药》)，红灯心(《浙江中药资源名录》)，红筋仔(《闽东本草》)，大田基黄、麻雀利(《广西民间常用草药》)，红筋草、地木回、拔血红、红香子、红梗草、田岸柴(《浙江民间常用草药》，定经草、水柯、红根仔、矮荷子(《福建中草药》)。),,,,,,,,,
和血丹(胡枝子(《植物名实图考》)，大叶乌梢、大叶马料梢(《浙江天目山药植志》)。),,,,,,,,,
金丝杜仲(黄皮杜仲(《云南中草药》)，棉杜仲(《云南中草药选》)。),,,,,,,,,
粗叶悬钩子(大叶蛇泡、大破布刺、老虎泡、虎掌，九月泡(广州部队《常用中草药手册》)，八月泡、牛尾泡、大坛(《广西中草药》)。),,,,,,,,,
紫金皮(火把草、胖关藤、掉毛草(《云南中草药》)，紫金藤(《云南中草药选》)，黄藤根(《广西植物名录》)。),,,,,,,,,
龙涎香(龙尿(《酉阳杂俎》)，龙腹香。),,,,,,,,,
接骨草1(红母鸡药(《南宁市药物志》)，红毛母鸡、壮阳草(《广西药植名录》)。),,,,,,,,,
韩信草(大力草、耳挖草(《生草药性备要》)，金茶匙(《本革求原》)，大韩信草(《南宁市药物志》)，顺经草(《贵阳民间药草》)，调羹草、红叶犁头尖(《湖南药物志》)，大叶半枝莲、笑花草(《广西中草药》)，虎咬癀、向天盏(《福建中草药》)。),,,,,,,,,
紫雪花(紫花丹(《广州植物志》)，谢三娘(《陆川本草》)，红花丹(《广西植物名录》)。),,,,,,,,,
小接骨丹(活血丹、叶白蔹、七角白蔹。),,,,,,,,,
鹿寿草(鹿寿茶、鹿衔草(《陕西中药志》)。),,,,,,,,,
化血胆(红根草),,,,,,,,,
白花丹(山坡芩、假茉莉、总管(《生草药性备要》)，千里及、乌面马(《植物名汇》)，白雪花(《广州植物志》)，野苜莉、隔布草(《福建民间草药》)，千槟梅、照药(《广西药植图志》)，天槟榔(《南宁市药物志》)，白皂药、白花皂药(《四川中药志》)，一见消(广州部队《常用中草药手册》)，白花岩陀(《云南中草药》)。),,,,,,,,,
百步还阳丹(鸟巢兰),,,,,,,,,
蛇根草(四季花、雪里开花(《浙江民间草药》)，雪里梅(《浙江民间常用草药》)。),,,,,,,,,
珍珠菜(扯根菜、矮桃(《植物名实图考》)，狗尾巴草(《南京民间药草》)，山高梁、山地榆、山酸汤秆、黄参草、大红袍、山马尾(《贵州民间方药集》)，通筋草、白花蓼草(《浙江中医杂志》(12):31，1958)，蓼子草(《贵阳民间药草》)，红根草(《浙江中药资源名录》)，野荷子、荷树草、金鸡土下黄、红头绳、水荷子、矮脚荷、赤脚草(《江西草药》)，红丝毛、高脚酸味草、大酸米草、酸罐罐(《陕西中草药》)，狼尾草(《江苏药材志》)。),,,,,,,,,
无名异(土子(《盛京通志》)，干子(《本草求真》)，秃子(《青海药材》)，铁砂(《药材学》)。),,,,,,,,,
铁棒锤(铁牛七(《陕西中草药》)，一枝箭、三转半(《药学学报》12(10)：690，1965)。),,,,,,,,,
古钩藤(白叶藤(《药学学报》(9)：,561，1963)，白马连鞍、牛角蘑，断肠草(《广西药植名录》)，大暗消、半架牛、白都宗、白浆藤(《云南中草药》)。),,,,,,,,
山海棠(水八角、金蝉脱壳、红耗儿、酸草果、腰包花、化血丹(《云南中草药》)，一口血、大麻酸汤杆(《文山中草药》)，野海棠、白棉胡、老鸦枕头(《昆明民间常用草药》)。),,,,,,,,,
闹狗药(小鸡骨常山、见血飞。),,,,,,,,,
饭团藤(风沙藤、过山风、黑老虎(《岭南采药录》)，十八症(《陆川本草》)，臭饭团、过山龙藤(《海南植物志》)，大饭团藤、血藤、大叶钻骨风、鸡肠风(《广西药植名录》)，绯红南五味子(江西《草药手册》)，酒饭团(《农村中草药制剂技术》)。),,,,,,,,,
荃皮(全皮、前皮(《中药志》)，小柳拐、山救驾(《陕西中草药》)。),,,,,,,,,
接骨草2(白龙骨、冷坑兰、冷坑青、猢狲接竹、痱痒草、血和山、乌骨麻、赤车使者(《浙江民间常用草药》)。),,,,,,,,,
铁包金(乌龙根、勾儿茶、乌口仔、小叶铁包金、假榄仔(《广东中药》)，细纹勾儿茶(广州部队《常用中草药手册》)。),,,,,,,,,
山羊血(青羊血),,,,,,,,,
C闾子,,,,,,,,,
蓬莪术(蓬莪茂(《药性论》)，D药(《唐本草》)，蓬莪D(《日华子本草》)，广茂(《珍珠囊》)，蓬术(《普济方》)，莪D(《本草备要》)，蓬D(《本经逢原》)，羌七(《生草药性备要》)，广术(《本草求真》)，黑心姜(《岭南采药录》)，文术(《四川中药志》)。),,,,,,,,,
夏至草(夏枯草、白花夏枯(《滇南本草》)，灯笼棵(《江苏植药志》)，风轮草(《陕西中草药》)。),,,,,,,,,
爬树龙(过山龙、过江龙、青竹标、金草箍、麒麟叶(《云南中草药选》)。),,,,,,,,,
红花子(红蓝子(《广利方》)，白平子(《药材资料汇编》)。),,,,,,,,,
百部还魂(还魂草(《广西中药志》)，狗笠耳(《广西药植名录》)。),,,,,,,,,
白背三七茎叶,,,,,,,,,
白牛膝(太极草、狗夺子、狗京蔓、土牛膝、藤牛膝、短瓣石竹),,,,,,,,,
青刺尖(炮筒果、牛奶捶、鸡蛋糕、梅花刺、枪子果、打枪果、阿那斯),,,,,,,,,
金线草根(海根(《本草拾遗》)，铁棱角三七、铁箍散(《浙江天日山药植志》)，蓼子七(《四川常用中草药》)，土三七、铁拳头(江西《草药手册》)。),,,,,,,,,
排钱草根,,,,,,,,,
茅膏菜(石龙芽草(《植物名实图考》)，山胡椒(《分类草药性》)，胡椒草(《四川中药志》)，夏无踪、白花叶(《湖南药物志》)，黄金丝、滴水不干(《江苏药材志》)。山地皮(《贵州草药》)，捕虫草、食虫草、柔鱼草(《福建中草药》)，苍蝇草，捕蝇草、苍蝇网、珍珠草、野高梁(《云南中草药》)。),,,,,,,,,
野牡丹根(王不留、痢疾罐),,,,,,,,,
鸡血七(红孩儿、红血儿(《陕西中草药》)，鸡心七、荞麦七(陕西《中草药研究资料》)，蜈蚣七、倒生莲(《陕甘宁青中草药选》)。),,,,,,,,,
线叶蓟(野红花、山红花(《浙江民间常用草药》)。),,,,,,,,,
对叶草(牛心朴、牛心秧、瓢柴、侧花徐长卿。),,,,,,,,,
绵枣儿(石枣儿(《救荒本草》)，天蒜(《生草药性备要》)，地兰(《岭南采药录》)，山大蒜(《江苏植药志》)，鲜白头(《江苏药材志》)，地枣、独叶芹、催生草、药狗蒜(《东北药植志》)，老鸦葱(《浙江中药资源名录》)，独叶一枝枪(苏医《中草药手册》)。),,,,,,,,,
蜘蛛抱蛋(一叶(《琉球国志略》)，一帆青(《质问本草》)，飞天蜈蚣、哈萨喇(《植物名实图考》)，竹叶伸筋(《衡山民间草药》)，大九龙盘、竹叶盘、九龙盘(《贵州民间药物》)，赶山鞭、蓼叶伸筋、大伸筋、摇边竹、龙骨草、铁马鞭、甘心蜈蚣、竹根七、地蜈蚣，九节龙、蜈蚣草、一寸十八节(《湖南药物志》)，土里蜈蚣、狸角叶、单枝白叶(《福建中草药》)。),,,,,,,,,
红芋(红半夏、红岩芋。),,,,,,,,,
大驳骨(大还魂(《广州植物志》)，龙头草(《广西药植名录》)，大驳骨消、大驳骨丹、大骨风、接骨木、大骨碎、大骨节草、大接骨(《广西中草药》)。),,,,,,,,,
大绿藤(痧症药。),,,,,,,,,
大浮萍(大i(《纲目》)，猪姆莲(《岭南采药录》)，水浮萍(《南宁市药物志》)，大浦藻(《岭南草药志》)，浮萍(《广西药植名录》)。),,,,,,,,,
倒生根(乌泡倒触伞、两头草、乌龙毛(《重庆草药》)，过江龙(《陕西中草药》)。),,,,,,,,,
榕树叶(小格叶(《生草药性备要》)，落地金钱(《本草求原》)。),,,,,,,,,
牛嗓管树(撒罗夷、马耳子果、蜜心果、鼻涕果、粘心果(《云南中草药选》)，野枇杷、大叶杜仲(《红河中草药》)。),,,,,,,,,
鱼藤(毒鱼藤(李承祜《生药学》)，篓藤(《南方主要有毒植物》)。),,,,,,,,,
青娘子(芫蜻(《雷公炮炙论》)，芫青(《别录》)，青娘虫、相思虫(《苏州本产药材》)，青虫(《中药志》)。),,,,,,,,,
青竹标(密腺崖角藤、水蜈蚣(《广西药植名录》)，爬树龙、金竹标(《云南中草药选》)，大软筋藤、九龙上调(《贵州药植目录》)。),,,,,,,,,
南瓜七(马蹄当归、八角乌。),,,,,,,,,
龙船花根(红缨花树根(《广东中医》4(9)：378，1959)。),,,,,,,,,
蝙蝠葛(蝙蝠藤(《澹寮试效方》)，金丝钓葫芦(《国药的药理学》)，黄条香、防己葛、黄根(《中国药植志》)，野鸡豆子(《吉林中药手册》)，爬山秧子、山地瓜秧(《东北药植志》)，小葛香、杨柳子棵(《山东中药》)，光光喳、狗葡萄秧(《辽宁经济植物志》)，小青藤、黄藤根、黄根藤、大叶马兜铃(《浙江民间常用草药》)，狗屎豆(《吉林中草药》)，马串铃(《陕西中草药》)，金线吊蛤蟆、什子苗(江西《草药手册》)，宁巴(蒙名)，嘎马得见农棍(朝名)。),,,,,,,,,
水茄(万桃花、金钮头、山烟草、金衫扣、白花钮仔茄),,,,,,,,,
紫云英子(蒺藜子(《贵州民间药物》)，草蒺藜(苏医《中草药手册》)。),,,,,,,,,
鸡血李(红李、秋根李、鸡血李),,,,,,,,,
龙船花(卖子木(《唐本草》)，红绣球、山丹(《学圃杂疏》)，五月花(《生草药性备要》)，映山红(《本草求原》)，牛兰、珠桐、番海棠(《岭南采药录》)，大将军(《广西中药志》)，红樱花(广州部队《常用中草药手册》)。),,,,,,,,,
鞭打绣球(红顶珠(《贵州草药》)，地草果、红豆草、头顶一颗珠、地胡椒(《云南中草药》)，连钱草(《西藏常用中草药》)，地红参、活血丹、四季草、小铜锤、金线草、月月换叶(《云南中草药选》)，区茹程丹(藏名)。),,,,,,,,,
鸭嘴癀(调经草(《福建中草药》)，田蛭草、鱼尾草(《广西药植名录》)。),,,,,,,,,
芦子藤(叶子兰、芦子兰(《云南中草药》)，r叶蒌、野胡椒(《广西药植名录》)，大麻疙瘩(《云南思茅中草药选》)。),,,,,,,,,
地锦(地噤(《本草拾遗》)，常春藤(《植物名实图考》)，爬墙虎、红葡萄藤、红葛(《中国树木分类学》)，爬山虎(《苏南种子植物》)，大风藤、过风藤(《江西中药》)，三角枫藤、蝙蝠藤、爬岩虎、野枫藤、日光子、枫藤、爬龙藤、野葡萄、腹水藤、三叶茄(《浙江民间常用草药》)，风藤(《江西草药》)，石壁藤(苏医《中草药手册》)。),,,,,,,,,
锈钉子(山黄豆、大红袍、大和红(《昆明民间常用草药》)，硬毛杭子梢、山皮条、地油根、白蓝地花(《云南中草药》)。),,,,,,,,,
天韭(天蒜、鹿耳韭。),,,,,,,,,
走茎丹参(乌痧草(《广西药植名录》)。),,,,,,,,,
鲛鱼(蜡鱼、瑰雷鱼(《南越志》)，沙鱼、鳆鱼(《本草拾遗》)，溜鱼(《纲目》)，鲛鲨(《医林纂要》)。),,,,,,,,,
落花生枝叶(花生茎叶),,,,,,,,,
草灵脂(岩兔屎、岩鼠粪(《四川中药志》)。),,,,,,,,,
蜀葵花(侧金盏(《尔雅翼》)，棋盘花(《分类草药性》)，蜀其花(《本草推陈》)，水芙蓉(《湖南药物志》)，栽秧花(《贵州草药》)，镲钹花、擀杖花(《陕西中草药》)。),,,,,,,,,
树萝卜(石萝卜、叶上花。),,,,,,,,,
珍珠梅(山高梁、八木条(《东北常用中草药手册》)，珍珠杆、花儿杆(《宁夏中草药手册》)。),,,,,,,,,
及已(獐耳细辛(《纲目》)，四叶细辛(《植物名实图考》)，牛细辛、老君须(《湖南药物志》)。),,,,,,,,,
虾子草(红虾子草(《四川中药志》)。),,,,,,,,,
大二郎箭(虾子草(《民间常用草药汇编》)，过江藤(《四川中药志》)，铜锤草(成都《常用草药治疗手册》)。),,,,,,,,,
寄生藤(藤香、入地寄生、熊胆藤、左扭香(《广西药植名录》)，列子、藤酸公、青藤公(《常用中草药彩色图谱》)。),,,,,,,,,
止血丹,,,,,,,,,
姜三七(三七姜、姜叶三七、土田七、竹叶三七、姜七),,,,,,,,,
双飞蝴蝶(蝴蝶草、鹞子草(《南宁市药物志》)，蝴蝶风(《广西中药志》)。),,,,,,,,,
粽巴叶(蜘蛛抱蛋。),,,,,,,,,
螳螂跌打(硬骨散。),,,,,,,,,
漏斗菜(血见愁(《东北药植志》)),,,,,,,,,
茅莓(国公、红梅消、三月泡、茅莓、蛇泡{),,,,,,,,,
姜叶三七(姜七、内消子、土三七、打不死。),,,,,,,,,
海尼豆瓣绿(狗骨头、散血丹。),,,,,,,,,
大萼鹿角藤(土杜仲(《云南中草药选》)。),,,,,,,,,
小牛力(土甘草。),,,,,,,,,
小铜锤(黄花草、小麻药、遍地红(《云南中草药》)。),,,,,,,,,
画眉草(榧子草(《植物名实图考》)，星星草(《植物名汇》)，蚊子草(《种子植物名称》)。),,,,,,,,,
接骨仙桃(接骨仙桃草(《救生苦海》)，八卦仙桃(《医方集听》)，蟠桃草、夺命丹、活血丹(《纲目拾遗》)，英桃草(《本草求原》)，蚁公草、本地老鸦草(《岭南采药录》)，蚊母草、小头草(《江苏植药志》)，无风自动草(《贵阳民间药草》)，活血接骨丹(《本草推陈》)，接骨草(《杭州药植志》)。),,,,,,,,,
大独叶草(化血丹。),,,,,,,,,
毛青杠(斩龙剑(《贵州民间方药集》)，小紫金牛(《中国种子植物分类学》)，红刺毛藤(《贵阳民间药草》)。),,,,,,,,,
爬山猴(红孩儿、爬地龙、爬岩龙(《贵州民间方药集》)，岩蜈蚣、野海棠(《贵州民间药物》)。),,,,,,,,,
九龙吐珠(龙吐珠),,,,,,,,,
毛八角莲(独叶一枝花(《广西野生资源植物》)。),,,,,,,,,
苍条鱼鳖(蚂蝗连天蕨、拟石苇(《广西中兽医药植》)，石豇豆(《陕西植药调查》)，卧龙草、马牙齿、瓜子草、打不死、三百棒(《湖南药物志》)，马黄七、回阳生、连天草、小肺金、小线蕨(《广西药植名录》)，鸭舌韦、鸭舌鱼鳖(《浙江天目山药植志》)。),,,,,,,,,
石瓜子莲,,,,,,,,,
水胡满(e蜞盖、虎狼草(《生草药性备要》)，臭苦、臭矢茉莉(《岭南采药录》)，缸瓦(《广东中药》Ⅱ)。),,,,,,,,,
铜罗伞(胡豆、岩藤、杨桃叶罗伞。),,,,,,,,,
地苏木(过山龙、蕨萁钻石黄、鸡血莲(《四川常用中草药》)，散血莲、凤尾七(《贵州药植目录》)。),,,,,,,,,
水泽兰(扯根菜(《救荒本草》)，水滓蓝(《天宝本草》)，水杨柳(《贵州民间药物》)。),,,,,,,,,
水晶花(四块瓦(《广西中兽医药植》)，土细辛、豆皮香、白开喉箭(《广西药植名录》)，四叶对(《浙江天目山药植志》)，银线草(《浙江民间常用草药》)。),,,,,,,,,
水蕨(W(《吕氏春秋》)，龙须菜(《植物名实图考》)，龙牙草、水松草、水铁树、水扁柏(《广西药植名录》)。),,,,,,,,,
铁草鞋(豆瓣绿、岩浆草(《云南中草药》)，公鱼藤(《全展选编・外科》)。),,,,,,,,,
麻花(乌麻花(《千金方》)。),,,,,,,,,
葛上亭长(亭长(《本草经集注》)，豆蚝(《动物学大辞典》)，豆斑蝥(《国药的药理学》)，红娘、鸡冠虫(《四川中药志》)。),,,,,,,,,
石菖蒲花,,,,,,,,,
一味药根,,,,,,,,,
鲮鲤(石鲮(《临海异物志》)，龙鲤(郭璞《江赋》)，鳞鲤(《本草图经》)，石鲮鱼(《纲目》)。),,,,,,,,,
猪毛蕨(绿爬山虎、大蕨菜、青竹标(《云南中草药选》)。),,,,,,,,,
独角芋(红半夏、石芋头、红水芋、红芋头、珍珠莫玉散、五彩芋。),,,,,,,,,
月季花叶(月季叶),,,,,,,,,
蓼子草(小毛蓼(《种子植物名称》)，小蓼子草、红蓼子(《四川中药志》)。),,,,,,,,,
榈木(花梨木(《琼州府志》)，青皮树、青豆风柴、青龙捆地、相思树(《湖南药物志》)，鸭公青，三钱三、青竹蛇(江西《草药手册》)。),,,,,,,,,
树葱(石葱、蜈蚣草(《云南中草药选》)，岩葱(《云南思茅中草药选》)。),,,,,,,,,
活血连(墨七、土莎连(《药学学报》10：692，1965)。),,,,,,,,,
蝉翼藤(五味藤、一摩消、丢了棒、象皮藤。),,,,,,,,,
上山龙(蓝果野葡萄(《中国经济植物志》)，大接骨丹、过山龙(《陕西中草药》)，扁担藤(《贵州药植目录》)。),,,,,,,,,
八角枫叶(大风药叶),,,,,,,,,
桑蠹虫(蝤蛴(《诗经》)，蝎、桑蠹、崛(《尔雅》)，桑蝎(《千金方》)，桑虫(《本草图经》)，蛀虫(《纲目》)，桑蚕(《景岳全书》)，铁炮虫(《动物学大辞典》)，老母虫(《四川中药志》)。),,,,,,,,,
鹩哥舌(鹩哥利(《陆川本草》)，鸟舌草(《广西中药志》)。),,,,,,,,,
桂花跌打(山皮条、桂花叶子兰。),,,,,,,,,
大蛇药(阿婆伞、火蕾木、凉伞木(《广西实用中草药新选》)。),,,,,,,,,
龙葵根,,,,,,,,,
錾菜(楼台草、玉容草(《滇南本草》)，白花益母草(《植物名实图考》)，对月草、白花茺蔚(《中国药植志》)。),,,,,,,,,
鸦葱(土参、黄花地丁(《南京民间药草》)，人头发、老鹤咀子(《江苏药材志》)。),,,,,,,,,
醋柳果(沙枣(《高原中草药治疗手册》)，大尔卜兴(藏名)。),,,,,,,,,
青丝线(山蓝、丝线草、枪刀药、青红线、红兰叶),,,,,,,,,
兔儿风(心肺草、石凤丹(四川)。),,,,,,,,,
红升麻(黄力花、接骨草、泽兰(《云南中草药》)。),,,,,,,,,
蟹壳,,,,,,,,,
矮人陀(狗头七、岩七(《昆明民间常用草药》)，见肿消、鹿衔草(《贵州药植目录》)。),,,,,,,,,
牛耳草(石胆草(《滇南本草》)，翻魂草(《植物名实图考》)，蝴蝶草(《全展选编・传染病》)。),,,,,,,,,
石羊菜(下山连、连甲棒、假榄角(《广西药植名录》)，石骨丹(《云南思茅中草药选》)，石羊草(《广西植物名录》)。),,,,,,,,,
油茶根皮,,,,,,,,,
红蓝地花(灯盏花、白带丹。),,,,,,,,,
单刀根(龙眼参、铁罗伞(《南宁市药物志》)，广檀木(《广西中草药》)。),,,,,,,,,
女娄菜(罐罐花、对叶草，对叶菜(《贵州草药》)。),,,,,,,,,
接骨木叶,,,,,,,,,
番木瓜叶,,,,,,,,,
披麻草根(天蒜、小棕包、千张纸、大力王),,,,,,,,,
